{
  "url" : "https://testcordovasimplug.mxapps.io",
  "identifier" : "io.mxapps.testcordovasimplug",
  "version" : "0.0.4",
  "name" : "TestCordovaSimPlugin",
  "description" : null,
  "iosEnabled" : false,
  "androidEnabled" : true,
  "requirePin" : false,
  "enableOffline" : false,
  "permissions" : {
    "calendar" : true,
    "camera" : true,
    "photoLibrary" : true,
    "contacts" : true,
    "microphone" : true,
    "geoLocation" : true
  },
  "phoneProfileIdentifier" : "Phone",
  "tabletProfileIdentifier" : "Phone"
}