{
  "iosImages" : [ {
    "tag" : "splash",
    "filename" : "res/ios/screen-iphone-portrait.png",
    "platform" : "ios",
    "width" : 320,
    "height" : 480
  }, {
    "tag" : "splash",
    "filename" : "res/ios/screen-iphone-landscape-667h.png",
    "platform" : "ios",
    "width" : 1334,
    "height" : 750
  }, {
    "tag" : "splash",
    "filename" : "res/ios/screen-iphone-landscape-568h-2x.png",
    "platform" : "ios",
    "width" : 1136,
    "height" : 640
  }, {
    "tag" : "splash",
    "filename" : "res/ios/screen-iphone-portrait-667h.png",
    "platform" : "ios",
    "width" : 750,
    "height" : 1334
  }, {
    "tag" : "icon",
    "filename" : "res/ios/icon-40.png",
    "platform" : "ios",
    "width" : 40,
    "height" : 40
  }, {
    "tag" : "icon",
    "filename" : "res/ios/icon-60.png",
    "platform" : "ios",
    "width" : 60,
    "height" : 60
  }, {
    "tag" : "icon",
    "filename" : "res/ios/icon-76.png",
    "platform" : "ios",
    "width" : 76,
    "height" : 76
  }, {
    "tag" : "icon",
    "filename" : "res/ios/icon-small-3x.png",
    "platform" : "ios",
    "width" : 87,
    "height" : 87
  }, {
    "tag" : "icon",
    "filename" : "res/ios/icon-40-2x.png",
    "platform" : "ios",
    "width" : 80,
    "height" : 80
  }, {
    "tag" : "icon",
    "filename" : "res/ios/icon-50.png",
    "platform" : "ios",
    "width" : 50,
    "height" : 50
  }, {
    "tag" : "icon",
    "filename" : "res/ios/icon-60-2x.png",
    "platform" : "ios",
    "width" : 120,
    "height" : 120
  }, {
    "tag" : "splash",
    "filename" : "res/ios/screen-iphone-landscape-2x.png",
    "platform" : "ios",
    "width" : 960,
    "height" : 640
  }, {
    "tag" : "icon",
    "filename" : "res/ios/icon-72-2x.png",
    "platform" : "ios",
    "width" : 144,
    "height" : 144
  }, {
    "tag" : "splash",
    "filename" : "res/ios/screen-iphone-landscape.png",
    "platform" : "ios",
    "width" : 480,
    "height" : 320
  }, {
    "tag" : "icon",
    "filename" : "res/ios/icon-60-3x.png",
    "platform" : "ios",
    "width" : 180,
    "height" : 180
  }, {
    "tag" : "icon",
    "filename" : "res/ios/icon-76-2x.png",
    "platform" : "ios",
    "width" : 152,
    "height" : 152
  }, {
    "tag" : "splash",
    "filename" : "res/ios/screen-ipad-portrait-2x.png",
    "platform" : "ios",
    "width" : 1536,
    "height" : 2048
  }, {
    "tag" : "icon",
    "filename" : "res/ios/icon-small-2x.png",
    "platform" : "ios",
    "width" : 58,
    "height" : 58
  }, {
    "tag" : "icon",
    "filename" : "res/ios/icon-50-2x.png",
    "platform" : "ios",
    "width" : 100,
    "height" : 100
  }, {
    "tag" : "splash",
    "filename" : "res/ios/screen-iphone-portrait-568h-2x.png",
    "platform" : "ios",
    "width" : 640,
    "height" : 1136
  }, {
    "tag" : "splash",
    "filename" : "res/ios/screen-ipad-landscape-2x.png",
    "platform" : "ios",
    "width" : 2048,
    "height" : 1536
  }, {
    "tag" : "icon",
    "filename" : "res/ios/icon-small.png",
    "platform" : "ios",
    "width" : 29,
    "height" : 29
  }, {
    "tag" : "splash",
    "filename" : "res/ios/screen-iphone-portrait-736h.png",
    "platform" : "ios",
    "width" : 1242,
    "height" : 2208
  }, {
    "tag" : "splash",
    "filename" : "res/ios/screen-iphone-landscape-736h.png",
    "platform" : "ios",
    "width" : 2208,
    "height" : 1242
  }, {
    "tag" : "icon",
    "filename" : "res/ios/icon-83.5-2x.png",
    "platform" : "ios",
    "width" : 167,
    "height" : 167
  }, {
    "tag" : "splash",
    "filename" : "res/ios/screen-ipad-portrait.png",
    "platform" : "ios",
    "width" : 768,
    "height" : 1024
  }, {
    "tag" : "splash",
    "filename" : "res/ios/screen-ipad-landscape.png",
    "platform" : "ios",
    "width" : 1024,
    "height" : 768
  }, {
    "tag" : "icon",
    "filename" : "res/ios/icon-2x.png",
    "platform" : "ios",
    "width" : 114,
    "height" : 114
  }, {
    "tag" : "icon",
    "filename" : "res/ios/icon.png",
    "platform" : "ios",
    "width" : 57,
    "height" : 57
  }, {
    "tag" : "icon",
    "filename" : "res/ios/icon-72.png",
    "platform" : "ios",
    "width" : 72,
    "height" : 72
  }, {
    "tag" : "splash",
    "filename" : "res/ios/screen-iphone-portrait-2x.png",
    "platform" : "ios",
    "width" : 640,
    "height" : 960
  } ],
  "androidImages" : [ {
    "tag" : "icon",
    "filename" : "res/android/icon-48-mdpi.png",
    "platform" : "android",
    "qualifier" : "mdpi"
  }, {
    "tag" : "splash",
    "filename" : "res/android/screen-hdpi-landscape.png",
    "platform" : "android",
    "qualifier" : "land-hdpi"
  }, {
    "tag" : "icon",
    "filename" : "res/android/icon-72-hdpi.png",
    "platform" : "android",
    "qualifier" : "hdpi"
  }, {
    "tag" : "icon",
    "filename" : "res/android/icon-192-xxxhdpi.png",
    "platform" : "android",
    "qualifier" : "xxxhdpi"
  }, {
    "tag" : "splash",
    "filename" : "res/android/screen-hdpi-portrait.png",
    "platform" : "android",
    "qualifier" : "port-hdpi"
  }, {
    "tag" : "splash",
    "filename" : "res/android/screen-mdpi-landscape.png",
    "platform" : "android",
    "qualifier" : "land-mdpi"
  }, {
    "tag" : "icon",
    "filename" : "res/android/icon-36-ldpi.png",
    "platform" : "android",
    "qualifier" : "ldpi"
  }, {
    "tag" : "icon",
    "filename" : "res/android/icon-144-xxhdpi.png",
    "platform" : "android",
    "qualifier" : "xxhdpi"
  }, {
    "tag" : "splash",
    "filename" : "res/android/screen-xxhdpi-portrait.png",
    "platform" : "android",
    "qualifier" : "port-xxhdpi"
  }, {
    "tag" : "splash",
    "filename" : "res/android/screen-mdpi-portrait.png",
    "platform" : "android",
    "qualifier" : "port-mdpi"
  }, {
    "tag" : "splash",
    "filename" : "res/android/screen-xhdpi-portrait.png",
    "platform" : "android",
    "qualifier" : "port-xhdpi"
  }, {
    "tag" : "splash",
    "filename" : "res/android/screen-xxxhdpi-landscape.png",
    "platform" : "android",
    "qualifier" : "land-xxxhdpi"
  }, {
    "tag" : "icon",
    "filename" : "res/android/icon-96-xhdpi.png",
    "platform" : "android",
    "qualifier" : "xhdpi"
  }, {
    "tag" : "splash",
    "filename" : "res/android/screen-xxhdpi-landscape.png",
    "platform" : "android",
    "qualifier" : "land-xxhdpi"
  }, {
    "tag" : "splash",
    "filename" : "res/android/screen-ldpi-portrait.png",
    "platform" : "android",
    "qualifier" : "port-ldpi"
  }, {
    "tag" : "splash",
    "filename" : "res/android/screen-ldpi-landscape.png",
    "platform" : "android",
    "qualifier" : "land-ldpi"
  }, {
    "tag" : "splash",
    "filename" : "res/android/screen-xhdpi-landscape.png",
    "platform" : "android",
    "qualifier" : "land-xhdpi"
  }, {
    "tag" : "splash",
    "filename" : "res/android/screen-xxxhdpi-portrait.png",
    "platform" : "android",
    "qualifier" : "port-xxxhdpi"
  } ]
}